run,schedule,hash
1,defaultŌåÆw1 | defaultŌåÆw2 | defaultŌåÆw3 | defaultŌåÆw1 | defaultŌåÆw2,277cbdc94eb2ccf797f5d4ab52e5abef7deff74a8a36472b6f2581e7a23ce85a
2,defaultŌåÆw1 | defaultŌåÆw2 | defaultŌåÆw3 | defaultŌåÆw1 | defaultŌåÆw2,277cbdc94eb2ccf797f5d4ab52e5abef7deff74a8a36472b6f2581e7a23ce85a
3,defaultŌåÆw1 | defaultŌåÆw2 | defaultŌåÆw3 | defaultŌåÆw1 | defaultŌåÆw2,277cbdc94eb2ccf797f5d4ab52e5abef7deff74a8a36472b6f2581e7a23ce85a
4,defaultŌåÆw1 | defaultŌåÆw2 | defaultŌåÆw3 | defaultŌåÆw1 | defaultŌåÆw2,277cbdc94eb2ccf797f5d4ab52e5abef7deff74a8a36472b6f2581e7a23ce85a
5,defaultŌåÆw1 | defaultŌåÆw2 | defaultŌåÆw3 | defaultŌåÆw1 | defaultŌåÆw2,277cbdc94eb2ccf797f5d4ab52e5abef7deff74a8a36472b6f2581e7a23ce85a
6,defaultŌåÆw1 | defaultŌåÆw2 | defaultŌåÆw3 | defaultŌåÆw1 | defaultŌåÆw2,277cbdc94eb2ccf797f5d4ab52e5abef7deff74a8a36472b6f2581e7a23ce85a
7,defaultŌåÆw1 | defaultŌåÆw2 | defaultŌåÆw3 | defaultŌåÆw1 | defaultŌåÆw2,277cbdc94eb2ccf797f5d4ab52e5abef7deff74a8a36472b6f2581e7a23ce85a
8,defaultŌåÆw1 | defaultŌåÆw2 | defaultŌåÆw3 | defaultŌåÆw1 | defaultŌåÆw2,277cbdc94eb2ccf797f5d4ab52e5abef7deff74a8a36472b6f2581e7a23ce85a
9,defaultŌåÆw1 | defaultŌåÆw2 | defaultŌåÆw3 | defaultŌåÆw1 | defaultŌåÆw2,277cbdc94eb2ccf797f5d4ab52e5abef7deff74a8a36472b6f2581e7a23ce85a
10,defaultŌåÆw1 | defaultŌåÆw2 | defaultŌåÆw3 | defaultŌåÆw1 | defaultŌåÆw2,277cbdc94eb2ccf797f5d4ab52e5abef7deff74a8a36472b6f2581e7a23ce85a
11,defaultŌåÆw1 | defaultŌåÆw2 | defaultŌåÆw3 | defaultŌåÆw1 | defaultŌåÆw2,277cbdc94eb2ccf797f5d4ab52e5abef7deff74a8a36472b6f2581e7a23ce85a
12,defaultŌåÆw1 | defaultŌåÆw2 | defaultŌåÆw3 | defaultŌåÆw1 | defaultŌåÆw2,277cbdc94eb2ccf797f5d4ab52e5abef7deff74a8a36472b6f2581e7a23ce85a
13,defaultŌåÆw1 | defaultŌåÆw2 | defaultŌåÆw3 | defaultŌåÆw1 | defaultŌåÆw2,277cbdc94eb2ccf797f5d4ab52e5abef7deff74a8a36472b6f2581e7a23ce85a
14,defaultŌåÆw1 | defaultŌåÆw2 | defaultŌåÆw3 | defaultŌåÆw1 | defaultŌåÆw2,277cbdc94eb2ccf797f5d4ab52e5abef7deff74a8a36472b6f2581e7a23ce85a
15,defaultŌåÆw1 | defaultŌåÆw2 | defaultŌåÆw3 | defaultŌåÆw1 | defaultŌåÆw2,277cbdc94eb2ccf797f5d4ab52e5abef7deff74a8a36472b6f2581e7a23ce85a
16,defaultŌåÆw1 | defaultŌåÆw2 | defaultŌåÆw3 | defaultŌåÆw1 | defaultŌåÆw2,277cbdc94eb2ccf797f5d4ab52e5abef7deff74a8a36472b6f2581e7a23ce85a
17,defaultŌåÆw1 | defaultŌåÆw2 | defaultŌåÆw3 | defaultŌåÆw1 | defaultŌåÆw2,277cbdc94eb2ccf797f5d4ab52e5abef7deff74a8a36472b6f2581e7a23ce85a
18,defaultŌåÆw1 | defaultŌåÆw2 | defaultŌåÆw3 | defaultŌåÆw1 | defaultŌåÆw2,277cbdc94eb2ccf797f5d4ab52e5abef7deff74a8a36472b6f2581e7a23ce85a
19,defaultŌåÆw1 | defaultŌåÆw2 | defaultŌåÆw3 | defaultŌåÆw1 | defaultŌåÆw2,277cbdc94eb2ccf797f5d4ab52e5abef7deff74a8a36472b6f2581e7a23ce85a
20,defaultŌåÆw1 | defaultŌåÆw2 | defaultŌåÆw3 | defaultŌåÆw1 | defaultŌåÆw2,277cbdc94eb2ccf797f5d4ab52e5abef7deff74a8a36472b6f2581e7a23ce85a
21,defaultŌåÆw1 | defaultŌåÆw2 | defaultŌåÆw3 | defaultŌåÆw1 | defaultŌåÆw2,277cbdc94eb2ccf797f5d4ab52e5abef7deff74a8a36472b6f2581e7a23ce85a
22,defaultŌåÆw1 | defaultŌåÆw2 | defaultŌåÆw3 | defaultŌåÆw1 | defaultŌåÆw2,277cbdc94eb2ccf797f5d4ab52e5abef7deff74a8a36472b6f2581e7a23ce85a
23,defaultŌåÆw1 | defaultŌåÆw2 | defaultŌåÆw3 | defaultŌåÆw1 | defaultŌåÆw2,277cbdc94eb2ccf797f5d4ab52e5abef7deff74a8a36472b6f2581e7a23ce85a
24,defaultŌåÆw1 | defaultŌåÆw2 | defaultŌåÆw3 | defaultŌåÆw1 | defaultŌåÆw2,277cbdc94eb2ccf797f5d4ab52e5abef7deff74a8a36472b6f2581e7a23ce85a
25,defaultŌåÆw1 | defaultŌåÆw2 | defaultŌåÆw3 | defaultŌåÆw1 | defaultŌåÆw2,277cbdc94eb2ccf797f5d4ab52e5abef7deff74a8a36472b6f2581e7a23ce85a
26,defaultŌåÆw1 | defaultŌåÆw2 | defaultŌåÆw3 | defaultŌåÆw1 | defaultŌåÆw2,277cbdc94eb2ccf797f5d4ab52e5abef7deff74a8a36472b6f2581e7a23ce85a
27,defaultŌåÆw1 | defaultŌåÆw2 | defaultŌåÆw3 | defaultŌåÆw1 | defaultŌåÆw2,277cbdc94eb2ccf797f5d4ab52e5abef7deff74a8a36472b6f2581e7a23ce85a
28,defaultŌåÆw1 | defaultŌåÆw2 | defaultŌåÆw3 | defaultŌåÆw1 | defaultŌåÆw2,277cbdc94eb2ccf797f5d4ab52e5abef7deff74a8a36472b6f2581e7a23ce85a
29,defaultŌåÆw1 | defaultŌåÆw2 | defaultŌåÆw3 | defaultŌåÆw1 | defaultŌåÆw2,277cbdc94eb2ccf797f5d4ab52e5abef7deff74a8a36472b6f2581e7a23ce85a
30,defaultŌåÆw1 | defaultŌåÆw2 | defaultŌåÆw3 | defaultŌåÆw1 | defaultŌåÆw2,277cbdc94eb2ccf797f5d4ab52e5abef7deff74a8a36472b6f2581e7a23ce85a
31,defaultŌåÆw1 | defaultŌåÆw2 | defaultŌåÆw3 | defaultŌåÆw1 | defaultŌåÆw2,277cbdc94eb2ccf797f5d4ab52e5abef7deff74a8a36472b6f2581e7a23ce85a
32,defaultŌåÆw1 | defaultŌåÆw2 | defaultŌåÆw3 | defaultŌåÆw1 | defaultŌåÆw2,277cbdc94eb2ccf797f5d4ab52e5abef7deff74a8a36472b6f2581e7a23ce85a
33,defaultŌåÆw1 | defaultŌåÆw2 | defaultŌåÆw3 | defaultŌåÆw1 | defaultŌåÆw2,277cbdc94eb2ccf797f5d4ab52e5abef7deff74a8a36472b6f2581e7a23ce85a
34,defaultŌåÆw1 | defaultŌåÆw2 | defaultŌåÆw3 | defaultŌåÆw1 | defaultŌåÆw2,277cbdc94eb2ccf797f5d4ab52e5abef7deff74a8a36472b6f2581e7a23ce85a
35,defaultŌåÆw1 | defaultŌåÆw2 | defaultŌåÆw3 | defaultŌåÆw1 | defaultŌåÆw2,277cbdc94eb2ccf797f5d4ab52e5abef7deff74a8a36472b6f2581e7a23ce85a
36,defaultŌåÆw1 | defaultŌåÆw2 | defaultŌåÆw3 | defaultŌåÆw1 | defaultŌåÆw2,277cbdc94eb2ccf797f5d4ab52e5abef7deff74a8a36472b6f2581e7a23ce85a
37,defaultŌåÆw1 | defaultŌåÆw2 | defaultŌåÆw3 | defaultŌåÆw1 | defaultŌåÆw2,277cbdc94eb2ccf797f5d4ab52e5abef7deff74a8a36472b6f2581e7a23ce85a
38,defaultŌåÆw1 | defaultŌåÆw2 | defaultŌåÆw3 | defaultŌåÆw1 | defaultŌåÆw2,277cbdc94eb2ccf797f5d4ab52e5abef7deff74a8a36472b6f2581e7a23ce85a
39,defaultŌåÆw1 | defaultŌåÆw2 | defaultŌåÆw3 | defaultŌåÆw1 | defaultŌåÆw2,277cbdc94eb2ccf797f5d4ab52e5abef7deff74a8a36472b6f2581e7a23ce85a
40,defaultŌåÆw1 | defaultŌåÆw2 | defaultŌåÆw3 | defaultŌåÆw1 | defaultŌåÆw2,277cbdc94eb2ccf797f5d4ab52e5abef7deff74a8a36472b6f2581e7a23ce85a
41,defaultŌåÆw1 | defaultŌåÆw2 | defaultŌåÆw3 | defaultŌåÆw1 | defaultŌåÆw2,277cbdc94eb2ccf797f5d4ab52e5abef7deff74a8a36472b6f2581e7a23ce85a
42,defaultŌåÆw1 | defaultŌåÆw2 | defaultŌåÆw3 | defaultŌåÆw1 | defaultŌåÆw2,277cbdc94eb2ccf797f5d4ab52e5abef7deff74a8a36472b6f2581e7a23ce85a
43,defaultŌåÆw1 | defaultŌåÆw2 | defaultŌåÆw3 | defaultŌåÆw1 | defaultŌåÆw2,277cbdc94eb2ccf797f5d4ab52e5abef7deff74a8a36472b6f2581e7a23ce85a
44,defaultŌåÆw1 | defaultŌåÆw2 | defaultŌåÆw3 | defaultŌåÆw1 | defaultŌåÆw2,277cbdc94eb2ccf797f5d4ab52e5abef7deff74a8a36472b6f2581e7a23ce85a
45,defaultŌåÆw1 | defaultŌåÆw2 | defaultŌåÆw3 | defaultŌåÆw1 | defaultŌåÆw2,277cbdc94eb2ccf797f5d4ab52e5abef7deff74a8a36472b6f2581e7a23ce85a
46,defaultŌåÆw1 | defaultŌåÆw2 | defaultŌåÆw3 | defaultŌåÆw1 | defaultŌåÆw2,277cbdc94eb2ccf797f5d4ab52e5abef7deff74a8a36472b6f2581e7a23ce85a
47,defaultŌåÆw1 | defaultŌåÆw2 | defaultŌåÆw3 | defaultŌåÆw1 | defaultŌåÆw2,277cbdc94eb2ccf797f5d4ab52e5abef7deff74a8a36472b6f2581e7a23ce85a
48,defaultŌåÆw1 | defaultŌåÆw2 | defaultŌåÆw3 | defaultŌåÆw1 | defaultŌåÆw2,277cbdc94eb2ccf797f5d4ab52e5abef7deff74a8a36472b6f2581e7a23ce85a
49,defaultŌåÆw1 | defaultŌåÆw2 | defaultŌåÆw3 | defaultŌåÆw1 | defaultŌåÆw2,277cbdc94eb2ccf797f5d4ab52e5abef7deff74a8a36472b6f2581e7a23ce85a
50,defaultŌåÆw1 | defaultŌåÆw2 | defaultŌåÆw3 | defaultŌåÆw1 | defaultŌåÆw2,277cbdc94eb2ccf797f5d4ab52e5abef7deff74a8a36472b6f2581e7a23ce85a
